product_id,product_name,category,price
PROD0000,Research,Else,232.81
PROD0001,Not,Town,327.66
PROD0002,Remain,Particular,495.74
PROD0003,Writer,For,533.43
PROD0004,Way,Forward,71.79
PROD0005,Town,Add,211.25
PROD0006,Response,All,554.14
PROD0007,Probably,Begin,104.95
PROD0008,Above,Later,183.45
PROD0009,Section,Full,890.52
PROD0010,While,Ago,608.2
PROD0011,View,Away,986.58
PROD0012,Against,Last,151.82
PROD0013,Popular,Game,969.48
PROD0014,Speak,Last,454.61
PROD0015,Live,Clear,221.89
PROD0016,Company,Enough,899.66
PROD0017,Second,Week,26.39
PROD0018,Forward,Model,887.38
PROD0019,Worker,Number,30.36
PROD0020,Offer,Summer,324.7
PROD0021,Me,Sense,849.97
PROD0022,Third,Off,379.67
PROD0023,West,Point,555.65
PROD0024,Color,It,626.3
PROD0025,Authority,Law,311.4
PROD0026,Generation,Than,301.7
PROD0027,Half,Machine,782.58
PROD0028,Necessary,Discover,629.34
PROD0029,Road,Practice,738.03
PROD0030,Agreement,Charge,17.49
PROD0031,Property,Both,345.68
PROD0032,Today,Trouble,476.51
PROD0033,Run,Remain,909.4
PROD0034,Once,Air,144.09
PROD0035,Whatever,Police,545.43
PROD0036,Third,Beautiful,570.8
PROD0037,Science,Eight,373.24
PROD0038,Every,Hand,707.07
PROD0039,Summer,Dinner,776.03
PROD0040,Itself,Cost,399.98
PROD0041,Consumer,Site,434.9
PROD0042,Everyone,Series,954.34
PROD0043,That,Car,938.75
PROD0044,Might,Outside,313.39
PROD0045,Attack,Language,351.69
PROD0046,Help,Mention,928.88
PROD0047,Quality,Window,250.1
PROD0048,Before,Until,717.94
PROD0049,Quickly,Include,821.76
